Id,Full_Name,Status,EES,Job_Posted_Date,Join_Date,Exit_Date
1,صالح,resigned,96,1/1/2023,8/23/2023,9/8/2023
2,أنس,employee,92,1/4/2023,1/17/2023,
3,خالد,resigned,73,2/11/2023,4/3/2023,12/10/2023
4,خالد,employee,80,2/3/2023,3/13/2023,
5,عبدالعزيز,resigned,89,7/16/2023,12/27/2023,12/29/2023
6,خالد,resigned,92,1/9/2023,1/10/2023,9/30/2023
7,محمد,employee,73,1/29/2023,3/27/2023,
8,محمد,resigned,82,7/10/2023,9/4/2023,12/2/2023
9,محمد,employee,73,10/17/2023,12/23/2023,
10,عبدالعزيز,employee,93,4/16/2023,7/26/2023,
11,صالح,employee,76,4/8/2023,4/14/2023,
12,عبدالعزيز,resigned,69,1/17/2023,4/10/2023,12/1/2023
13,صالح,employee,96,2/21/2023,9/18/2023,
14,خالد,employee,75,2/3/2023,5/23/2023,
15,عبدالعزيز,employee,78,1/16/2023,1/24/2023,
16,محمد,resigned,71,4/6/2023,4/14/2023,10/23/2023
17,محمد,employee,72,3/26/2023,4/23/2023,
18,محمد,employee,85,2/22/2023,4/14/2023,
19,خالد,employee,88,3/10/2023,3/26/2023,
20,عبدالعزيز,resigned,88,1/31/2023,2/25/2023,10/13/2023
21,أنس,employee,66,3/14/2023,5/30/2023,
22,عبدالعزيز,employee,85,2/24/2023,3/21/2023,
23,عبدالعزيز,resigned,89,3/25/2023,9/19/2023,11/2/2023
24,خالد,employee,80,4/25/2023,9/30/2023,
25,محمد,resigned,97,1/25/2023,6/26/2023,11/22/2023
26,محمد,employee,71,2/17/2023,6/7/2023,
27,خالد,resigned,76,5/6/2023,7/30/2023,12/27/2023
28,خالد,resigned,91,5/16/2023,12/1/2023,12/3/2023
29,عبدالعزيز,employee,91,1/14/2023,9/30/2023,
30,محمد,resigned,60,3/21/2023,4/15/2023,9/18/2023
31,صالح,employee,76,2/5/2023,2/25/2023,
32,محمد,resigned,78,2/28/2023,3/2/2023,12/19/2023
33,عبدالعزيز,employee,73,4/5/2023,8/1/2023,
34,أنس,employee,84,1/3/2023,1/13/2023,
35,صالح,employee,89,5/6/2023,11/21/2023,
36,محمد,employee,82,11/25/2023,12/2/2023,
37,صالح,employee,67,3/2/2023,10/14/2023,
38,عبدالعزيز,employee,84,3/25/2023,7/6/2023,
39,عبدالعزيز,employee,76,2/28/2023,9/22/2023,
40,أنس,resigned,83,1/26/2023,7/30/2023,8/1/2023
41,محمد,employee,100,6/1/2023,11/17/2023,
42,محمد,resigned,82,2/8/2023,8/29/2023,12/4/2023
43,محمد,resigned,76,7/27/2023,8/1/2023,8/8/2023
44,أنس,employee,94,6/19/2023,6/28/2023,
45,محمد,resigned,87,3/12/2023,5/17/2023,10/2/2023
46,عبدالعزيز,resigned,74,3/16/2023,4/4/2023,7/13/2023
47,محمد,employee,79,3/18/2023,3/27/2023,
48,محمد,resigned,94,7/8/2023,7/17/2023,8/12/2023
49,محمد,resigned,86,6/2/2023,10/23/2023,12/22/2023
50,عبدالعزيز,resigned,65,2/17/2023,8/24/2023,11/20/2023
51,عبدالعزيز,resigned,87,5/3/2023,5/26/2023,7/30/2023
52,عبدالعزيز,resigned,75,1/15/2023,5/21/2023,7/7/2023
53,صالح,employee,71,1/9/2023,2/3/2023,
54,صالح,resigned,78,1/25/2023,5/7/2023,12/22/2023
55,عبدالعزيز,resigned,74,2/19/2023,10/6/2023,11/9/2023
56,صالح,employee,69,3/16/2023,6/20/2023,
57,محمد,employee,83,4/30/2023,8/15/2023,
58,صالح,employee,81,4/16/2023,5/5/2023,
59,صالح,employee,84,3/8/2023,4/28/2023,
60,أنس,resigned,72,1/16/2023,1/21/2023,8/20/2023
61,صالح,resigned,88,1/23/2023,7/30/2023,10/31/2023
62,خالد,employee,87,4/13/2023,7/7/2023,
63,خالد,employee,71,1/5/2023,3/12/2023,
64,محمد,employee,88,3/11/2023,12/6/2023,
65,خالد,employee,77,4/20/2023,8/17/2023,
66,محمد,resigned,78,1/4/2023,3/26/2023,9/5/2023
67,عبدالعزيز,resigned,90,5/5/2023,12/26/2023,12/26/2023
68,صالح,employee,99,1/14/2023,3/12/2023,
69,صالح,employee,96,1/5/2023,4/19/2023,
70,صالح,employee,89,3/16/2023,3/25/2023,
71,أنس,employee,90,6/21/2023,7/14/2023,
72,عبدالعزيز,employee,83,7/29/2023,8/6/2023,
73,محمد,resigned,95,2/12/2023,4/21/2023,4/27/2023
74,صالح,resigned,68,1/21/2023,1/25/2023,6/19/2023
75,عبدالعزيز,employee,66,8/20/2023,10/8/2023,
76,عبدالعزيز,resigned,91,2/4/2023,3/6/2023,9/26/2023
77,عبدالعزيز,employee,73,1/7/2023,1/16/2023,
78,عبدالعزيز,resigned,73,1/15/2023,3/11/2023,3/17/2023
79,أنس,resigned,76,3/12/2023,6/4/2023,9/22/2023
80,خالد,employee,73,4/3/2023,6/13/2023,
81,عبدالعزيز,resigned,100,6/15/2023,8/15/2023,10/4/2023
82,عبدالعزيز,resigned,87,1/31/2023,4/15/2023,9/8/2023
83,صالح,employee,88,1/13/2023,2/12/2023,
84,صالح,employee,69,4/10/2023,5/18/2023,
85,خالد,employee,68,8/14/2023,10/14/2023,
86,صالح,employee,75,4/24/2023,11/14/2023,
87,خالد,employee,95,1/26/2023,6/21/2023,
88,عبدالعزيز,employee,89,4/18/2023,6/3/2023,
89,محمد,employee,93,2/6/2023,5/5/2023,
90,محمد,employee,69,1/8/2023,5/27/2023,
91,خالد,resigned,63,10/29/2023,10/31/2023,10/31/2023
92,صالح,resigned,74,1/17/2023,5/30/2023,7/25/2023
93,محمد,employee,61,6/9/2023,8/24/2023,
94,خالد,employee,70,6/17/2023,11/30/2023,
95,خالد,employee,75,1/9/2023,3/31/2023,
96,عبدالعزيز,resigned,64,5/25/2023,9/1/2023,10/15/2023
97,خالد,resigned,85,2/4/2023,3/6/2023,10/19/2023
98,عبدالعزيز,employee,90,2/6/2023,2/19/2023,
99,عبدالعزيز,resigned,98,2/1/2023,5/12/2023,10/5/2023
100,خالد,employee,73,3/25/2023,11/2/2023,
101,محمد,resigned,87,1/17/2023,1/22/2023,6/10/2023
102,صالح,employee,78,2/18/2023,4/22/2023,
103,أنس,resigned,88,2/18/2023,2/22/2023,10/28/2023
104,أنس,employee,76,1/6/2023,1/29/2023,
105,خالد,employee,98,1/1/2023,1/25/2023,
106,أنس,employee,78,5/15/2023,6/6/2023,
107,عبدالعزيز,resigned,85,2/2/2023,4/11/2023,5/24/2023
108,محمد,employee,95,1/12/2023,11/24/2023,
109,صالح,resigned,64,5/16/2023,6/28/2023,8/2/2023
110,خالد,employee,97,5/6/2023,7/25/2023,
111,خالد,employee,93,4/11/2023,5/28/2023,
112,صالح,employee,93,7/31/2023,9/16/2023,
113,خالد,resigned,75,8/23/2023,12/12/2023,12/12/2023
114,محمد,employee,60,3/10/2023,9/12/2023,
115,محمد,resigned,82,4/28/2023,7/9/2023,9/12/2023
116,عبدالعزيز,resigned,98,2/18/2023,3/21/2023,5/11/2023
117,محمد,resigned,70,1/23/2023,3/17/2023,5/7/2023
118,أنس,employee,81,5/12/2023,6/3/2023,
119,خالد,resigned,74,1/1/2023,1/1/2023,4/6/2023
120,محمد,employee,74,1/3/2023,4/24/2023,
121,صالح,resigned,83,1/9/2023,10/1/2023,10/26/2023
122,صالح,employee,81,10/10/2023,11/9/2023,
123,عبدالعزيز,resigned,97,2/17/2023,2/18/2023,3/19/2023
124,خالد,resigned,84,3/23/2023,8/23/2023,8/31/2023
125,أنس,employee,68,1/13/2023,12/21/2023,
126,خالد,employee,67,4/14/2023,9/18/2023,
127,خالد,resigned,83,1/5/2023,3/11/2023,7/26/2023
128,صالح,resigned,60,1/19/2023,2/6/2023,8/5/2023
129,عبدالعزيز,employee,61,4/7/2023,7/16/2023,
130,أنس,employee,90,1/11/2023,1/25/2023,
131,عبدالعزيز,resigned,89,6/10/2023,6/15/2023,12/1/2023
132,خالد,resigned,97,6/16/2023,8/20/2023,11/2/2023
133,أنس,employee,82,4/4/2023,9/11/2023,
134,محمد,employee,61,2/14/2023,6/14/2023,
135,محمد,resigned,74,4/21/2023,12/15/2023,12/24/2023
136,خالد,employee,90,3/19/2023,5/23/2023,
137,عبدالعزيز,employee,77,1/6/2023,1/6/2023,
138,خالد,employee,81,2/20/2023,3/10/2023,
139,خالد,resigned,72,1/23/2023,2/3/2023,10/12/2023
140,خالد,employee,90,7/31/2023,11/5/2023,
141,عبدالعزيز,resigned,67,2/7/2023,5/18/2023,7/15/2023
142,عبدالعزيز,employee,85,4/6/2023,4/18/2023,
143,عبدالعزيز,resigned,95,2/13/2023,8/16/2023,12/20/2023
144,خالد,employee,93,1/13/2023,11/15/2023,
145,أنس,resigned,66,4/16/2023,10/15/2023,12/17/2023
146,محمد,resigned,67,5/9/2023,5/24/2023,12/27/2023
147,عبدالعزيز,employee,100,1/29/2023,2/18/2023,
148,عبدالعزيز,employee,73,4/16/2023,10/26/2023,
149,خالد,resigned,71,11/27/2023,11/27/2023,12/26/2023
150,خالد,employee,83,2/20/2023,11/26/2023,
151,خالد,employee,81,2/10/2023,5/4/2023,
152,عبدالعزيز,employee,74,5/31/2023,7/9/2023,
153,محمد,employee,81,1/23/2023,2/26/2023,
154,محمد,resigned,81,1/22/2023,6/16/2023,10/13/2023
155,خالد,resigned,94,4/15/2023,5/7/2023,9/8/2023
156,عبدالعزيز,resigned,74,9/28/2023,12/9/2023,12/13/2023
157,خالد,resigned,83,7/2/2023,7/9/2023,12/9/2023
158,محمد,employee,83,10/8/2023,11/28/2023,
159,خالد,employee,79,2/11/2023,4/9/2023,
160,محمد,resigned,87,5/6/2023,6/13/2023,6/13/2023
161,محمد,resigned,69,1/8/2023,4/5/2023,6/26/2023
162,صالح,resigned,81,1/15/2023,8/9/2023,9/23/2023
163,خالد,resigned,99,2/10/2023,6/1/2023,7/30/2023
164,صالح,employee,86,2/4/2023,2/9/2023,
165,أنس,resigned,99,4/6/2023,12/30/2023,12/30/2023
166,صالح,employee,100,4/3/2023,6/3/2023,
167,خالد,employee,92,2/23/2023,8/30/2023,
168,خالد,resigned,64,3/28/2023,4/12/2023,6/24/2023
169,خالد,employee,73,10/17/2023,11/24/2023,
170,صالح,employee,67,1/11/2023,1/15/2023,
171,أنس,resigned,72,3/12/2023,6/2/2023,9/20/2023
172,أنس,resigned,92,3/5/2023,9/13/2023,10/5/2023
173,عبدالعزيز,resigned,74,11/18/2023,11/30/2023,12/8/2023
174,عبدالعزيز,resigned,82,3/21/2023,5/15/2023,11/18/2023
175,خالد,resigned,60,1/9/2023,2/16/2023,3/5/2023
176,أنس,resigned,78,4/20/2023,9/23/2023,11/9/2023
177,صالح,resigned,99,3/4/2023,5/14/2023,10/25/2023
178,خالد,employee,82,1/3/2023,6/6/2023,
179,صالح,employee,62,1/21/2023,1/23/2023,
180,عبدالعزيز,resigned,79,9/10/2023,11/1/2023,12/12/2023
181,عبدالعزيز,resigned,96,6/29/2023,7/5/2023,12/29/2023
182,خالد,resigned,74,1/26/2023,2/3/2023,4/6/2023
183,أنس,resigned,96,9/23/2023,10/10/2023,10/27/2023
184,صالح,resigned,97,7/5/2023,7/18/2023,7/27/2023
185,صالح,resigned,82,1/8/2023,1/16/2023,7/15/2023
186,خالد,resigned,76,1/1/2023,1/12/2023,8/30/2023
187,خالد,resigned,82,5/30/2023,6/18/2023,10/31/2023
188,صالح,employee,97,1/1/2023,1/5/2023,
189,أنس,employee,74,9/23/2023,12/23/2023,
190,خالد,employee,91,6/25/2023,11/28/2023,
191,خالد,resigned,68,1/31/2023,2/15/2023,11/7/2023
192,أنس,employee,83,7/9/2023,12/25/2023,
193,صالح,resigned,80,5/6/2023,9/1/2023,11/2/2023
194,محمد,resigned,62,2/24/2023,3/28/2023,10/8/2023
195,صالح,employee,79,3/2/2023,6/7/2023,
196,عبدالعزيز,resigned,72,1/8/2023,8/4/2023,9/17/2023
197,خالد,employee,65,2/4/2023,4/15/2023,
198,صالح,employee,94,7/26/2023,9/12/2023,
199,أنس,resigned,77,1/1/2023,11/1/2023,12/8/2023
200,عبدالعزيز,resigned,67,1/20/2023,6/9/2023,9/10/2023
201,عبدالعزيز,employee,97,1/27/2023,7/6/2023,
202,أنس,employee,96,8/11/2023,9/4/2023,
203,محمد,employee,78,3/13/2023,7/15/2023,
204,محمد,resigned,82,4/22/2023,10/2/2023,12/9/2023
205,خالد,employee,100,3/15/2023,10/10/2023,
206,محمد,employee,94,2/3/2023,8/5/2023,
207,أنس,resigned,64,2/7/2023,9/21/2023,12/6/2023
208,عبدالعزيز,employee,84,7/19/2023,12/17/2023,
209,أنس,employee,100,3/23/2023,10/28/2023,
210,خالد,employee,100,3/12/2023,3/16/2023,
211,أنس,resigned,63,4/28/2023,6/16/2023,12/27/2023
212,عبدالعزيز,resigned,99,3/12/2023,11/8/2023,12/3/2023
213,خالد,resigned,60,1/31/2023,3/4/2023,12/7/2023
214,أنس,resigned,81,4/6/2023,6/1/2023,8/20/2023
215,أنس,resigned,75,2/22/2023,8/21/2023,10/10/2023
216,عبدالعزيز,employee,83,9/26/2023,9/28/2023,
217,أنس,resigned,85,3/3/2023,5/5/2023,5/25/2023
218,محمد,resigned,90,1/1/2023,5/18/2023,5/23/2023
219,عبدالعزيز,employee,97,3/18/2023,5/9/2023,
220,أنس,employee,95,3/1/2023,4/28/2023,
221,صالح,resigned,86,3/17/2023,10/15/2023,12/21/2023
222,صالح,employee,72,1/15/2023,6/3/2023,
223,خالد,employee,82,1/7/2023,2/4/2023,
224,عبدالعزيز,resigned,89,2/11/2023,10/12/2023,11/16/2023
225,صالح,employee,60,3/27/2023,9/15/2023,
226,عبدالعزيز,employee,77,3/6/2023,4/13/2023,
227,عبدالعزيز,employee,98,4/14/2023,4/18/2023,
228,خالد,resigned,99,1/12/2023,7/12/2023,9/23/2023
229,محمد,resigned,84,9/12/2023,12/27/2023,12/29/2023
230,أنس,employee,98,2/24/2023,6/11/2023,
231,محمد,employee,87,7/5/2023,10/18/2023,
232,خالد,employee,72,3/20/2023,5/12/2023,
233,عبدالعزيز,employee,94,1/3/2023,1/19/2023,
234,محمد,employee,65,4/26/2023,10/7/2023,
235,صالح,resigned,90,6/24/2023,12/23/2023,12/27/2023
236,عبدالعزيز,resigned,63,3/25/2023,4/10/2023,11/28/2023
237,أنس,resigned,72,2/12/2023,3/29/2023,5/2/2023
238,صالح,resigned,91,6/7/2023,8/9/2023,10/2/2023
239,عبدالعزيز,resigned,76,3/10/2023,6/2/2023,8/22/2023
240,محمد,employee,87,1/17/2023,1/18/2023,
241,أنس,resigned,75,1/22/2023,3/2/2023,11/23/2023
242,صالح,resigned,70,2/7/2023,6/30/2023,8/24/2023
243,أنس,resigned,76,1/6/2023,3/23/2023,4/23/2023
244,صالح,resigned,84,9/16/2023,10/26/2023,11/28/2023
245,أنس,employee,84,3/25/2023,4/24/2023,
246,أنس,resigned,85,1/1/2023,1/26/2023,11/30/2023
247,صالح,resigned,66,1/16/2023,4/11/2023,10/30/2023
248,عبدالعزيز,employee,95,2/4/2023,4/6/2023,
249,أنس,employee,93,5/10/2023,12/6/2023,
250,خالد,employee,96,3/4/2023,5/5/2023,
251,خالد,employee,80,1/15/2023,1/16/2023,
252,أنس,resigned,93,4/18/2023,8/7/2023,12/8/2023
253,خالد,employee,95,2/14/2023,6/7/2023,
254,أنس,employee,89,6/19/2023,7/28/2023,
255,صالح,resigned,67,3/29/2023,10/7/2023,12/7/2023
256,خالد,resigned,82,6/8/2023,10/1/2023,11/7/2023
257,عبدالعزيز,resigned,84,2/3/2023,12/24/2023,12/27/2023
258,محمد,resigned,84,1/9/2023,1/18/2023,6/3/2023
259,خالد,employee,60,2/14/2023,4/2/2023,
260,صالح,resigned,95,1/8/2023,1/13/2023,7/20/2023
261,أنس,employee,71,5/20/2023,7/2/2023,
262,عبدالعزيز,employee,81,5/16/2023,9/12/2023,
263,عبدالعزيز,employee,94,4/26/2023,9/27/2023,
264,خالد,resigned,67,2/23/2023,6/3/2023,11/16/2023
265,محمد,resigned,67,8/16/2023,10/3/2023,12/17/2023
266,أنس,employee,66,1/5/2023,3/4/2023,
267,محمد,resigned,63,6/8/2023,11/20/2023,11/23/2023
268,خالد,resigned,99,2/14/2023,2/16/2023,8/7/2023
269,محمد,employee,89,1/31/2023,8/15/2023,
270,أنس,employee,95,2/9/2023,2/15/2023,
271,عبدالعزيز,resigned,69,1/4/2023,2/1/2023,6/5/2023
272,صالح,resigned,70,3/14/2023,5/26/2023,6/30/2023
273,محمد,resigned,61,3/21/2023,6/8/2023,8/11/2023
274,أنس,employee,96,6/16/2023,9/30/2023,
275,محمد,resigned,94,8/23/2023,12/15/2023,12/26/2023
276,خالد,employee,68,7/1/2023,9/19/2023,
277,أنس,resigned,91,5/19/2023,7/26/2023,11/27/2023
278,محمد,employee,69,2/7/2023,4/21/2023,
279,أنس,employee,80,2/21/2023,4/20/2023,
280,أنس,resigned,68,2/7/2023,4/13/2023,10/21/2023
281,صالح,resigned,85,1/6/2023,5/19/2023,11/20/2023
282,صالح,employee,98,1/30/2023,3/4/2023,
283,أنس,resigned,79,3/6/2023,3/21/2023,4/23/2023
284,أنس,employee,69,7/11/2023,7/25/2023,
285,صالح,employee,65,7/26/2023,12/15/2023,
286,خالد,employee,64,2/5/2023,4/23/2023,
287,محمد,employee,78,2/24/2023,10/11/2023,
288,خالد,resigned,87,6/15/2023,11/29/2023,12/6/2023
289,عبدالعزيز,employee,80,1/10/2023,1/30/2023,
290,صالح,employee,62,2/2/2023,4/2/2023,
291,عبدالعزيز,resigned,89,1/10/2023,1/21/2023,10/8/2023
292,أنس,resigned,68,8/10/2023,9/11/2023,12/29/2023
293,عبدالعزيز,resigned,80,3/17/2023,4/8/2023,9/21/2023
294,أنس,employee,67,5/11/2023,10/27/2023,
295,عبدالعزيز,resigned,73,1/12/2023,1/25/2023,11/18/2023
296,صالح,employee,98,2/8/2023,3/17/2023,
297,أنس,employee,98,3/3/2023,10/9/2023,
298,عبدالعزيز,resigned,93,2/2/2023,6/7/2023,10/28/2023
299,خالد,resigned,66,3/18/2023,9/8/2023,11/22/2023
300,خالد,employee,66,5/30/2023,8/24/2023,
301,محمد,resigned,85,2/12/2023,11/28/2023,12/30/2023
302,أنس,resigned,73,3/27/2023,6/22/2023,7/31/2023
303,صالح,employee,85,4/6/2023,5/20/2023,
304,عبدالعزيز,resigned,74,3/4/2023,10/10/2023,10/10/2023
305,عبدالعزيز,resigned,84,2/11/2023,2/26/2023,7/17/2023
306,أنس,employee,99,1/26/2023,8/14/2023,
307,صالح,employee,61,1/11/2023,3/3/2023,
308,صالح,resigned,91,1/15/2023,7/1/2023,8/6/2023
309,أنس,employee,98,1/10/2023,1/11/2023,
310,عبدالعزيز,resigned,83,1/1/2023,1/3/2023,12/9/2023
311,عبدالعزيز,resigned,69,1/7/2023,1/26/2023,10/24/2023
312,محمد,employee,100,3/30/2023,6/14/2023,
313,خالد,resigned,78,12/4/2023,12/10/2023,12/25/2023
314,عبدالعزيز,employee,82,1/20/2023,2/17/2023,
315,خالد,employee,85,1/1/2023,1/2/2023,
316,صالح,resigned,89,2/16/2023,12/7/2023,12/13/2023
317,محمد,employee,71,4/17/2023,10/9/2023,
318,صالح,employee,80,1/4/2023,1/7/2023,
319,محمد,employee,62,10/22/2023,11/7/2023,
320,أنس,resigned,67,8/15/2023,12/4/2023,12/15/2023
321,أنس,employee,83,2/1/2023,2/22/2023,
322,عبدالعزيز,resigned,62,1/11/2023,9/8/2023,9/21/2023
323,خالد,employee,64,4/3/2023,5/1/2023,
324,صالح,employee,81,4/5/2023,8/20/2023,
325,أنس,employee,77,2/10/2023,2/19/2023,
326,أنس,resigned,77,3/1/2023,3/12/2023,4/19/2023
327,صالح,resigned,60,1/3/2023,1/9/2023,12/26/2023
328,أنس,employee,74,1/28/2023,2/10/2023,
329,محمد,resigned,87,1/6/2023,4/15/2023,4/16/2023
330,خالد,employee,90,5/23/2023,6/29/2023,
331,أنس,employee,87,2/15/2023,12/15/2023,
332,خالد,employee,78,2/12/2023,9/27/2023,
333,محمد,employee,71,3/20/2023,9/5/2023,
334,صالح,resigned,89,4/24/2023,4/30/2023,9/10/2023
335,عبدالعزيز,resigned,68,8/27/2023,12/5/2023,12/9/2023
336,عبدالعزيز,resigned,79,4/30/2023,12/3/2023,12/9/2023
337,عبدالعزيز,resigned,88,1/7/2023,1/11/2023,12/11/2023
338,خالد,employee,78,9/23/2023,10/7/2023,
339,صالح,employee,74,6/21/2023,9/21/2023,
340,صالح,resigned,89,3/27/2023,4/10/2023,7/19/2023
341,محمد,employee,76,5/3/2023,9/13/2023,
342,عبدالعزيز,resigned,67,5/31/2023,7/14/2023,11/8/2023
343,محمد,resigned,67,4/30/2023,6/5/2023,8/4/2023
344,أنس,employee,100,2/13/2023,8/12/2023,
345,محمد,employee,79,2/17/2023,10/30/2023,
346,عبدالعزيز,employee,76,3/10/2023,5/4/2023,
347,أنس,employee,87,11/24/2023,12/20/2023,
348,عبدالعزيز,resigned,72,8/10/2023,8/30/2023,9/19/2023
349,خالد,employee,96,7/23/2023,8/30/2023,
350,عبدالعزيز,employee,89,1/8/2023,6/1/2023,
351,محمد,employee,69,1/3/2023,2/10/2023,
352,صالح,employee,61,6/26/2023,11/7/2023,
353,محمد,employee,81,1/18/2023,8/31/2023,
354,صالح,employee,98,1/16/2023,2/20/2023,
355,أنس,resigned,61,1/20/2023,2/12/2023,11/3/2023
356,صالح,resigned,63,4/14/2023,10/18/2023,10/22/2023
357,عبدالعزيز,resigned,87,1/15/2023,12/10/2023,12/28/2023
358,عبدالعزيز,resigned,81,2/1/2023,2/26/2023,8/19/2023
359,خالد,employee,96,6/11/2023,7/15/2023,
360,محمد,resigned,77,2/5/2023,3/4/2023,9/3/2023
361,عبدالعزيز,employee,77,9/10/2023,11/25/2023,
362,عبدالعزيز,employee,89,6/25/2023,9/5/2023,
363,عبدالعزيز,resigned,89,5/19/2023,7/30/2023,11/30/2023
364,خالد,employee,94,2/14/2023,4/11/2023,
365,محمد,employee,63,1/21/2023,4/1/2023,
366,أنس,employee,98,3/18/2023,9/24/2023,
367,عبدالعزيز,employee,85,1/13/2023,9/23/2023,
368,عبدالعزيز,resigned,80,2/20/2023,6/25/2023,7/25/2023
369,أنس,employee,75,8/15/2023,11/10/2023,
370,عبدالعزيز,resigned,86,1/13/2023,11/20/2023,11/29/2023
371,عبدالعزيز,resigned,90,4/17/2023,7/19/2023,12/17/2023
372,عبدالعزيز,employee,82,5/26/2023,9/23/2023,
373,أنس,employee,64,2/28/2023,3/22/2023,
374,محمد,employee,94,6/27/2023,10/6/2023,
375,أنس,employee,61,5/13/2023,9/1/2023,
376,عبدالعزيز,employee,63,3/7/2023,10/7/2023,
377,أنس,resigned,88,1/17/2023,9/11/2023,11/24/2023
378,عبدالعزيز,resigned,82,4/19/2023,11/18/2023,12/20/2023
379,صالح,employee,93,5/8/2023,5/29/2023,
380,خالد,resigned,68,5/21/2023,6/5/2023,10/7/2023
381,خالد,resigned,82,1/3/2023,1/31/2023,10/7/2023
382,صالح,employee,79,3/30/2023,9/7/2023,
383,خالد,employee,60,1/8/2023,8/10/2023,
384,عبدالعزيز,resigned,95,1/16/2023,3/9/2023,12/8/2023
385,خالد,resigned,87,1/3/2023,7/25/2023,11/20/2023
386,عبدالعزيز,resigned,84,3/17/2023,7/15/2023,9/12/2023
387,خالد,employee,76,5/20/2023,9/18/2023,
388,خالد,resigned,86,6/4/2023,7/14/2023,10/29/2023
389,أنس,resigned,70,1/7/2023,5/17/2023,5/25/2023
390,عبدالعزيز,resigned,88,3/14/2023,3/17/2023,12/22/2023
391,أنس,resigned,100,4/14/2023,5/7/2023,12/24/2023
392,محمد,employee,60,1/1/2023,2/22/2023,
393,محمد,employee,98,3/12/2023,4/5/2023,
394,خالد,employee,73,4/23/2023,12/2/2023,
395,محمد,resigned,84,1/25/2023,2/13/2023,5/14/2023
396,صالح,employee,78,4/28/2023,9/6/2023,
397,محمد,employee,60,1/3/2023,2/4/2023,
398,خالد,employee,74,5/5/2023,5/8/2023,
399,خالد,employee,93,8/24/2023,11/3/2023,
400,أنس,employee,70,1/23/2023,2/13/2023,
401,محمد,employee,94,5/23/2023,10/5/2023,
402,محمد,employee,92,1/2/2023,1/3/2023,
403,صالح,employee,64,4/25/2023,8/5/2023,
404,عبدالعزيز,resigned,91,10/7/2023,10/24/2023,12/29/2023
405,محمد,employee,85,3/29/2023,11/1/2023,
406,عبدالعزيز,employee,60,1/10/2023,6/9/2023,
407,عبدالعزيز,employee,69,7/21/2023,10/21/2023,
408,عبدالعزيز,resigned,100,1/20/2023,4/10/2023,4/11/2023
409,محمد,employee,65,1/12/2023,5/22/2023,
410,محمد,employee,75,1/3/2023,3/2/2023,
411,محمد,resigned,83,10/4/2023,10/31/2023,10/31/2023
412,عبدالعزيز,resigned,87,1/20/2023,5/19/2023,10/24/2023
413,محمد,employee,78,2/24/2023,9/9/2023,
414,صالح,employee,86,8/31/2023,11/7/2023,
415,صالح,employee,99,1/13/2023,2/21/2023,
416,عبدالعزيز,employee,90,1/20/2023,2/17/2023,
417,محمد,resigned,88,5/21/2023,6/30/2023,8/5/2023
418,خالد,resigned,76,4/9/2023,5/21/2023,10/28/2023
419,خالد,resigned,78,3/14/2023,10/9/2023,10/17/2023
420,عبدالعزيز,employee,76,2/23/2023,5/18/2023,
421,صالح,employee,87,1/9/2023,1/15/2023,
422,محمد,employee,77,5/13/2023,6/18/2023,
423,محمد,employee,83,5/1/2023,5/7/2023,
424,أنس,employee,100,2/6/2023,11/10/2023,
425,محمد,employee,60,9/13/2023,12/1/2023,
426,عبدالعزيز,resigned,97,2/3/2023,3/31/2023,7/3/2023
427,محمد,employee,84,2/6/2023,7/1/2023,
428,أنس,resigned,80,1/21/2023,10/31/2023,12/13/2023
429,أنس,employee,71,6/26/2023,7/1/2023,
430,خالد,employee,67,9/1/2023,12/23/2023,
431,أنس,resigned,93,1/12/2023,4/22/2023,4/22/2023
432,صالح,resigned,87,10/16/2023,12/13/2023,12/17/2023
433,أنس,resigned,81,3/3/2023,7/29/2023,8/21/2023
434,أنس,employee,67,1/1/2023,1/8/2023,
435,أنس,employee,88,1/11/2023,1/11/2023,
436,محمد,resigned,96,7/25/2023,9/3/2023,11/7/2023
437,عبدالعزيز,employee,78,2/17/2023,8/11/2023,
438,أنس,employee,66,5/30/2023,9/16/2023,
439,عبدالعزيز,resigned,75,1/6/2023,1/12/2023,4/7/2023
440,صالح,resigned,78,3/9/2023,4/28/2023,10/23/2023
441,عبدالعزيز,employee,81,1/21/2023,12/14/2023,
442,عبدالعزيز,resigned,79,5/30/2023,7/3/2023,11/7/2023
443,محمد,employee,95,7/9/2023,10/8/2023,
444,محمد,employee,70,2/18/2023,2/21/2023,
445,خالد,resigned,74,2/4/2023,2/14/2023,3/11/2023
446,محمد,resigned,92,3/2/2023,6/6/2023,7/13/2023
447,صالح,employee,96,1/9/2023,4/14/2023,
448,أنس,resigned,84,2/9/2023,2/14/2023,3/19/2023
449,صالح,employee,92,5/24/2023,6/1/2023,
450,أنس,resigned,72,5/21/2023,6/2/2023,7/22/2023
451,صالح,employee,76,4/11/2023,8/6/2023,
452,خالد,employee,71,1/16/2023,2/16/2023,
453,عبدالعزيز,resigned,71,6/4/2023,10/31/2023,11/14/2023
454,خالد,employee,63,1/25/2023,5/2/2023,
455,أنس,employee,79,2/27/2023,3/19/2023,
456,خالد,resigned,76,7/4/2023,10/19/2023,10/22/2023
457,صالح,employee,66,5/6/2023,6/24/2023,
458,خالد,resigned,88,6/11/2023,6/25/2023,8/28/2023
459,محمد,resigned,72,8/1/2023,11/3/2023,12/29/2023
460,أنس,resigned,85,2/13/2023,2/24/2023,11/20/2023
461,صالح,resigned,73,3/25/2023,6/15/2023,9/2/2023
462,خالد,resigned,71,2/15/2023,4/23/2023,7/13/2023
463,خالد,resigned,90,3/29/2023,4/26/2023,5/17/2023
464,خالد,employee,65,3/4/2023,3/8/2023,
465,عبدالعزيز,resigned,69,4/19/2023,7/27/2023,10/20/2023
466,أنس,employee,71,1/14/2023,6/25/2023,
467,أنس,resigned,98,4/20/2023,9/11/2023,10/13/2023
468,عبدالعزيز,employee,92,1/21/2023,10/29/2023,
469,خالد,resigned,83,11/15/2023,11/29/2023,12/7/2023
470,محمد,resigned,80,4/3/2023,12/24/2023,12/28/2023
471,عبدالعزيز,employee,91,1/25/2023,6/15/2023,
472,صالح,resigned,88,3/18/2023,8/22/2023,10/17/2023
473,صالح,employee,60,3/2/2023,11/21/2023,
474,عبدالعزيز,resigned,99,10/5/2023,12/28/2023,12/29/2023
475,خالد,employee,71,8/6/2023,10/2/2023,
476,محمد,resigned,62,1/11/2023,1/12/2023,2/6/2023
477,صالح,employee,79,1/3/2023,1/9/2023,
478,محمد,resigned,61,1/20/2023,4/14/2023,6/20/2023
479,محمد,employee,99,4/19/2023,9/14/2023,
480,خالد,resigned,76,1/25/2023,8/8/2023,11/7/2023
481,خالد,resigned,99,4/16/2023,5/23/2023,6/5/2023
482,محمد,employee,67,2/5/2023,7/11/2023,
483,خالد,resigned,75,3/22/2023,9/28/2023,10/3/2023
484,خالد,employee,73,1/21/2023,2/17/2023,
485,أنس,resigned,61,6/30/2023,7/9/2023,8/29/2023
486,محمد,employee,93,1/5/2023,6/25/2023,
487,عبدالعزيز,employee,92,2/12/2023,3/31/2023,
488,خالد,resigned,60,8/27/2023,12/4/2023,12/13/2023
489,صالح,employee,88,7/28/2023,12/15/2023,
490,صالح,employee,64,3/14/2023,4/4/2023,
491,محمد,employee,99,1/10/2023,8/29/2023,
492,عبدالعزيز,employee,77,3/1/2023,12/25/2023,
493,عبدالعزيز,employee,60,5/4/2023,11/3/2023,
494,صالح,resigned,62,10/2/2023,12/5/2023,12/21/2023
495,محمد,employee,100,3/30/2023,8/22/2023,
496,عبدالعزيز,resigned,62,1/27/2023,12/28/2023,12/28/2023
497,أنس,employee,87,2/16/2023,5/18/2023,
498,أنس,employee,68,2/8/2023,8/26/2023,
499,عبدالعزيز,employee,76,4/17/2023,10/27/2023,
500,أنس,resigned,76,6/24/2023,8/6/2023,11/23/2023
501,أنس,resigned,64,1/31/2023,2/14/2023,4/10/2023
502,عبدالعزيز,employee,64,2/1/2023,12/23/2023,
503,محمد,employee,60,1/3/2023,2/7/2023,
504,محمد,employee,99,5/9/2023,6/17/2023,
505,أنس,resigned,69,1/14/2023,8/25/2023,10/20/2023
506,صالح,resigned,61,4/25/2023,8/7/2023,9/9/2023
507,عبدالعزيز,employee,87,3/4/2023,8/8/2023,
508,محمد,resigned,83,3/21/2023,7/30/2023,12/4/2023
509,أنس,employee,98,1/31/2023,5/4/2023,
510,محمد,resigned,62,7/13/2023,10/15/2023,10/30/2023
511,أنس,employee,66,2/13/2023,9/8/2023,
512,عبدالعزيز,employee,66,1/3/2023,1/16/2023,
513,خالد,resigned,92,6/12/2023,8/31/2023,11/30/2023
514,خالد,employee,73,7/27/2023,11/26/2023,
515,محمد,resigned,79,2/6/2023,11/5/2023,11/23/2023
516,محمد,resigned,79,6/28/2023,11/6/2023,11/17/2023
517,صالح,employee,73,6/12/2023,8/2/2023,
518,صالح,employee,86,1/2/2023,1/6/2023,
519,عبدالعزيز,resigned,93,3/10/2023,6/30/2023,10/29/2023
520,أنس,resigned,60,8/15/2023,10/15/2023,11/6/2023
521,عبدالعزيز,resigned,87,4/17/2023,6/2/2023,7/25/2023
522,خالد,employee,81,1/2/2023,3/21/2023,
523,عبدالعزيز,resigned,67,2/24/2023,3/20/2023,5/6/2023
524,صالح,resigned,68,1/15/2023,3/22/2023,12/10/2023
525,صالح,resigned,64,6/28/2023,10/20/2023,10/23/2023
526,عبدالعزيز,resigned,84,7/3/2023,8/4/2023,9/21/2023
527,خالد,employee,87,2/8/2023,4/17/2023,
528,خالد,resigned,86,1/15/2023,9/17/2023,11/4/2023
529,محمد,employee,65,1/24/2023,3/9/2023,
530,أنس,resigned,78,1/19/2023,10/9/2023,11/16/2023
531,أنس,resigned,63,4/4/2023,12/18/2023,12/20/2023
532,صالح,resigned,79,1/8/2023,10/14/2023,10/24/2023
533,محمد,employee,76,7/8/2023,8/5/2023,
534,محمد,resigned,63,1/13/2023,1/20/2023,2/26/2023
535,صالح,resigned,74,2/20/2023,2/20/2023,6/23/2023
536,عبدالعزيز,employee,78,5/20/2023,9/20/2023,
537,محمد,resigned,84,1/5/2023,5/16/2023,7/24/2023
538,عبدالعزيز,employee,90,6/10/2023,7/7/2023,
539,صالح,employee,98,3/7/2023,12/7/2023,
540,محمد,employee,80,3/26/2023,4/3/2023,
541,خالد,employee,70,1/25/2023,11/6/2023,
542,عبدالعزيز,resigned,77,2/3/2023,3/13/2023,10/6/2023
543,صالح,employee,88,3/13/2023,12/15/2023,
544,أنس,employee,83,2/23/2023,3/20/2023,
545,صالح,resigned,64,6/10/2023,12/22/2023,12/25/2023
546,محمد,employee,76,1/26/2023,6/25/2023,
547,محمد,resigned,67,6/17/2023,9/9/2023,12/15/2023
548,خالد,employee,84,3/20/2023,9/2/2023,
549,عبدالعزيز,employee,62,1/25/2023,4/28/2023,
550,أنس,resigned,94,2/22/2023,12/7/2023,12/8/2023
551,أنس,resigned,65,1/5/2023,2/12/2023,8/13/2023
552,عبدالعزيز,resigned,66,9/5/2023,11/3/2023,11/23/2023
553,أنس,employee,79,1/28/2023,11/5/2023,
554,خالد,resigned,65,6/6/2023,7/3/2023,7/25/2023
555,صالح,employee,99,1/15/2023,3/3/2023,
556,أنس,resigned,62,2/28/2023,3/2/2023,5/4/2023
557,أنس,employee,98,3/18/2023,6/9/2023,
558,أنس,employee,62,6/6/2023,9/14/2023,
559,أنس,employee,75,5/24/2023,6/17/2023,
560,محمد,employee,100,2/8/2023,3/14/2023,
561,عبدالعزيز,employee,83,2/12/2023,3/4/2023,
562,عبدالعزيز,resigned,92,6/28/2023,8/15/2023,11/26/2023
563,صالح,resigned,94,3/24/2023,3/24/2023,5/1/2023
564,خالد,employee,88,3/23/2023,8/14/2023,
565,عبدالعزيز,resigned,74,1/16/2023,11/25/2023,12/23/2023
566,عبدالعزيز,resigned,61,1/4/2023,10/10/2023,11/10/2023
567,عبدالعزيز,employee,85,3/20/2023,5/11/2023,
568,خالد,resigned,78,7/5/2023,7/16/2023,12/27/2023
569,محمد,employee,95,10/4/2023,11/29/2023,
570,محمد,employee,99,6/26/2023,10/6/2023,
571,عبدالعزيز,resigned,64,5/25/2023,12/7/2023,12/18/2023
572,صالح,resigned,95,1/30/2023,6/18/2023,8/27/2023
573,عبدالعزيز,resigned,73,8/19/2023,12/6/2023,12/13/2023
574,محمد,resigned,66,2/6/2023,4/10/2023,10/29/2023
575,أنس,resigned,61,5/9/2023,9/15/2023,11/19/2023
576,أنس,resigned,78,4/15/2023,9/23/2023,12/19/2023
577,محمد,resigned,70,1/7/2023,2/12/2023,3/4/2023
578,محمد,employee,77,3/20/2023,7/30/2023,
579,عبدالعزيز,employee,99,4/9/2023,7/20/2023,
580,محمد,employee,83,10/18/2023,12/13/2023,
581,عبدالعزيز,resigned,64,3/3/2023,3/9/2023,4/1/2023
582,عبدالعزيز,employee,83,7/24/2023,10/29/2023,
583,محمد,employee,64,5/21/2023,12/20/2023,
584,عبدالعزيز,resigned,94,1/9/2023,1/14/2023,5/24/2023
585,صالح,resigned,78,2/4/2023,4/9/2023,12/3/2023
586,خالد,employee,64,4/22/2023,6/25/2023,
587,صالح,employee,90,3/17/2023,6/25/2023,
588,عبدالعزيز,employee,67,6/20/2023,8/22/2023,
589,صالح,resigned,74,3/19/2023,9/4/2023,10/6/2023
590,أنس,employee,80,1/17/2023,2/11/2023,
591,صالح,resigned,67,1/3/2023,9/1/2023,11/22/2023
592,محمد,employee,76,3/23/2023,7/1/2023,
593,محمد,employee,91,1/14/2023,3/10/2023,
594,خالد,employee,85,3/15/2023,4/18/2023,
595,محمد,resigned,68,3/1/2023,9/10/2023,10/24/2023
596,أنس,employee,62,1/20/2023,12/1/2023,
597,خالد,employee,91,4/8/2023,4/13/2023,
598,محمد,employee,95,9/17/2023,9/28/2023,
599,صالح,employee,61,6/1/2023,11/29/2023,
600,أنس,employee,87,7/2/2023,12/1/2023,
601,أنس,resigned,98,1/11/2023,1/27/2023,11/22/2023
602,محمد,resigned,89,1/1/2023,1/18/2023,2/19/2023
603,صالح,resigned,88,4/27/2023,5/15/2023,11/27/2023
604,خالد,employee,85,1/7/2023,10/18/2023,
605,أنس,employee,73,8/2/2023,8/13/2023,
606,عبدالعزيز,employee,82,2/8/2023,3/11/2023,
607,محمد,resigned,95,6/24/2023,11/28/2023,12/16/2023
608,عبدالعزيز,resigned,62,7/16/2023,10/17/2023,11/10/2023
609,أنس,employee,73,6/15/2023,9/26/2023,
610,أنس,resigned,68,10/23/2023,10/29/2023,12/5/2023
611,صالح,employee,66,6/23/2023,10/4/2023,
612,خالد,resigned,98,1/4/2023,5/1/2023,8/25/2023
613,محمد,employee,61,5/19/2023,5/19/2023,
614,أنس,resigned,89,4/22/2023,10/25/2023,11/17/2023
615,خالد,employee,79,1/18/2023,7/4/2023,
616,عبدالعزيز,resigned,91,6/5/2023,9/1/2023,9/4/2023
617,صالح,resigned,92,1/28/2023,2/21/2023,12/7/2023
618,محمد,employee,99,3/1/2023,9/20/2023,
619,محمد,resigned,97,3/17/2023,7/17/2023,7/25/2023
620,عبدالعزيز,resigned,73,1/8/2023,5/16/2023,10/14/2023
621,صالح,resigned,99,1/16/2023,6/17/2023,10/19/2023
622,أنس,resigned,87,1/5/2023,2/6/2023,9/19/2023
623,أنس,employee,90,2/12/2023,3/22/2023,
624,خالد,employee,60,8/7/2023,9/26/2023,
625,خالد,resigned,94,1/27/2023,9/16/2023,9/22/2023
626,خالد,employee,71,3/18/2023,3/31/2023,
627,عبدالعزيز,employee,76,1/20/2023,2/26/2023,
628,خالد,resigned,81,2/25/2023,7/13/2023,12/10/2023
629,صالح,resigned,71,4/11/2023,5/14/2023,8/31/2023
630,عبدالعزيز,employee,90,3/20/2023,8/25/2023,
631,أنس,employee,94,4/22/2023,4/25/2023,
632,عبدالعزيز,resigned,99,8/23/2023,9/16/2023,9/30/2023
633,عبدالعزيز,employee,95,2/5/2023,2/9/2023,
634,عبدالعزيز,resigned,87,1/9/2023,11/8/2023,12/7/2023
635,خالد,resigned,67,8/15/2023,11/8/2023,12/25/2023
636,خالد,resigned,63,6/6/2023,7/8/2023,9/15/2023
637,عبدالعزيز,employee,65,8/6/2023,11/8/2023,
638,صالح,resigned,64,1/10/2023,8/25/2023,9/14/2023
639,محمد,employee,79,10/5/2023,11/8/2023,
640,محمد,employee,91,2/8/2023,3/31/2023,
641,محمد,resigned,95,1/15/2023,6/5/2023,11/6/2023
642,عبدالعزيز,employee,93,1/19/2023,5/1/2023,
643,أنس,employee,64,4/13/2023,7/18/2023,
644,أنس,employee,78,4/10/2023,4/13/2023,
645,محمد,resigned,91,6/8/2023,9/17/2023,12/3/2023
646,خالد,resigned,61,6/21/2023,10/2/2023,12/28/2023
647,صالح,resigned,68,4/1/2023,11/6/2023,12/6/2023
648,أنس,resigned,86,5/20/2023,6/14/2023,7/23/2023
649,محمد,resigned,91,4/30/2023,12/16/2023,12/29/2023
650,محمد,employee,68,2/14/2023,3/19/2023,
651,أنس,resigned,81,1/15/2023,7/28/2023,12/8/2023
652,صالح,employee,87,2/27/2023,8/6/2023,
653,عبدالعزيز,resigned,84,1/24/2023,2/18/2023,9/13/2023
654,أنس,employee,71,7/12/2023,8/17/2023,
655,خالد,resigned,96,5/4/2023,11/6/2023,11/30/2023
656,صالح,resigned,81,3/11/2023,4/13/2023,4/29/2023
657,صالح,resigned,99,1/5/2023,1/7/2023,8/19/2023
658,صالح,resigned,94,6/12/2023,8/2/2023,9/1/2023
659,محمد,employee,80,1/7/2023,1/16/2023,
660,خالد,resigned,90,1/2/2023,1/3/2023,1/5/2023
661,عبدالعزيز,resigned,73,2/9/2023,2/26/2023,11/26/2023
662,عبدالعزيز,resigned,73,6/15/2023,8/13/2023,11/15/2023
663,عبدالعزيز,employee,76,7/5/2023,8/25/2023,
664,صالح,employee,65,7/24/2023,10/30/2023,
665,صالح,resigned,67,2/8/2023,6/26/2023,9/20/2023
666,صالح,resigned,99,10/13/2023,10/23/2023,11/4/2023
667,خالد,resigned,95,1/27/2023,5/15/2023,6/14/2023
668,عبدالعزيز,resigned,61,1/9/2023,4/22/2023,5/13/2023
669,خالد,employee,96,1/16/2023,1/20/2023,
670,خالد,employee,62,2/13/2023,4/7/2023,
671,محمد,resigned,76,3/22/2023,12/15/2023,12/23/2023
672,صالح,employee,66,2/15/2023,10/29/2023,
673,عبدالعزيز,employee,89,1/2/2023,1/8/2023,
674,صالح,employee,82,1/12/2023,1/30/2023,
675,أنس,resigned,83,1/7/2023,2/7/2023,11/5/2023
676,خالد,resigned,68,6/14/2023,12/3/2023,12/22/2023
677,أنس,employee,60,5/11/2023,9/3/2023,
678,خالد,employee,78,4/28/2023,9/3/2023,
679,خالد,resigned,94,2/22/2023,3/5/2023,5/24/2023
680,عبدالعزيز,employee,66,10/16/2023,11/11/2023,
681,أنس,resigned,63,2/7/2023,2/24/2023,12/7/2023
682,محمد,resigned,72,5/31/2023,11/11/2023,12/4/2023
683,عبدالعزيز,resigned,67,1/7/2023,4/4/2023,6/30/2023
684,خالد,employee,94,3/12/2023,12/7/2023,
685,صالح,resigned,99,1/5/2023,2/10/2023,10/17/2023
686,أنس,resigned,75,8/20/2023,11/16/2023,12/23/2023
687,أنس,employee,71,8/13/2023,8/28/2023,
688,أنس,employee,74,1/18/2023,2/17/2023,
689,أنس,resigned,74,4/6/2023,8/20/2023,12/11/2023
690,عبدالعزيز,employee,62,2/3/2023,8/9/2023,
691,صالح,resigned,100,4/15/2023,8/26/2023,8/31/2023
692,عبدالعزيز,resigned,70,7/14/2023,7/18/2023,11/30/2023
693,أنس,employee,73,3/12/2023,3/23/2023,
694,صالح,resigned,71,5/1/2023,10/4/2023,10/27/2023
695,محمد,resigned,76,1/10/2023,1/29/2023,11/8/2023
696,صالح,resigned,63,8/23/2023,9/16/2023,9/19/2023
697,عبدالعزيز,resigned,80,5/31/2023,11/12/2023,12/24/2023
698,عبدالعزيز,employee,65,3/6/2023,4/12/2023,
699,عبدالعزيز,employee,98,1/3/2023,1/11/2023,
700,خالد,resigned,90,1/19/2023,4/1/2023,6/8/2023
701,عبدالعزيز,resigned,95,5/9/2023,11/9/2023,12/6/2023
702,صالح,employee,89,3/15/2023,3/18/2023,
703,محمد,resigned,67,4/12/2023,10/16/2023,11/9/2023
704,صالح,resigned,61,4/10/2023,9/13/2023,11/8/2023
705,عبدالعزيز,resigned,61,2/23/2023,2/26/2023,6/16/2023
706,أنس,resigned,98,4/6/2023,8/17/2023,10/9/2023
707,أنس,employee,69,8/1/2023,12/7/2023,
708,محمد,resigned,93,1/4/2023,1/26/2023,7/15/2023
709,صالح,resigned,75,2/12/2023,10/16/2023,10/31/2023
710,صالح,employee,93,5/5/2023,6/23/2023,
711,أنس,employee,88,4/15/2023,4/23/2023,
712,أنس,employee,71,6/20/2023,9/21/2023,
713,عبدالعزيز,employee,84,1/23/2023,3/9/2023,
714,صالح,employee,91,2/27/2023,3/19/2023,
715,خالد,employee,69,5/10/2023,8/22/2023,
716,صالح,resigned,65,2/1/2023,7/4/2023,12/5/2023
717,خالد,employee,83,10/7/2023,10/12/2023,
718,خالد,resigned,61,1/9/2023,12/23/2023,12/29/2023
719,محمد,resigned,76,1/4/2023,4/10/2023,9/30/2023
720,خالد,employee,95,1/8/2023,7/24/2023,
721,عبدالعزيز,resigned,82,1/1/2023,1/9/2023,8/15/2023
722,خالد,resigned,83,2/1/2023,8/2/2023,10/30/2023
723,عبدالعزيز,employee,83,1/29/2023,8/1/2023,
724,صالح,employee,93,1/18/2023,2/25/2023,
725,خالد,resigned,74,1/18/2023,3/16/2023,5/13/2023
726,أنس,employee,60,1/3/2023,1/5/2023,
727,عبدالعزيز,resigned,80,5/21/2023,7/25/2023,12/30/2023
728,أنس,resigned,69,1/5/2023,1/7/2023,3/7/2023
729,خالد,employee,66,4/26/2023,5/19/2023,
730,خالد,employee,80,2/1/2023,3/20/2023,
731,صالح,employee,94,1/27/2023,2/4/2023,
732,محمد,resigned,80,1/24/2023,2/4/2023,6/8/2023
733,محمد,resigned,79,3/4/2023,3/11/2023,9/30/2023
734,أنس,employee,76,1/17/2023,2/1/2023,
735,محمد,employee,81,4/1/2023,5/28/2023,
736,صالح,resigned,100,1/27/2023,3/29/2023,12/12/2023
737,عبدالعزيز,resigned,93,1/12/2023,2/2/2023,4/21/2023
738,عبدالعزيز,resigned,64,8/5/2023,12/26/2023,12/30/2023
739,عبدالعزيز,resigned,88,3/26/2023,6/1/2023,6/24/2023
740,محمد,employee,93,3/3/2023,7/16/2023,
741,خالد,employee,68,2/26/2023,3/28/2023,
742,خالد,employee,85,2/11/2023,11/20/2023,
743,خالد,resigned,86,2/25/2023,8/7/2023,11/9/2023
744,خالد,resigned,92,1/10/2023,1/14/2023,6/28/2023
745,عبدالعزيز,employee,69,11/10/2023,12/18/2023,
746,عبدالعزيز,employee,82,3/2/2023,5/29/2023,
747,محمد,employee,70,2/18/2023,4/8/2023,
748,أنس,resigned,68,1/13/2023,4/21/2023,10/24/2023
749,محمد,resigned,63,3/29/2023,8/31/2023,12/25/2023
750,صالح,employee,71,1/9/2023,1/16/2023,
751,عبدالعزيز,employee,92,3/14/2023,4/17/2023,
752,أنس,resigned,61,1/5/2023,1/14/2023,4/2/2023
753,محمد,employee,93,3/19/2023,7/3/2023,
754,خالد,resigned,74,7/14/2023,10/27/2023,11/5/2023
755,صالح,resigned,60,3/16/2023,6/13/2023,7/20/2023
756,خالد,resigned,60,1/9/2023,2/4/2023,12/14/2023
757,عبدالعزيز,employee,89,1/11/2023,7/2/2023,
758,عبدالعزيز,resigned,88,1/28/2023,3/9/2023,11/18/2023
759,عبدالعزيز,employee,60,7/9/2023,11/11/2023,
760,أنس,employee,65,4/10/2023,8/15/2023,
761,أنس,resigned,77,1/26/2023,2/9/2023,5/24/2023
762,عبدالعزيز,resigned,84,3/6/2023,4/8/2023,10/28/2023
763,محمد,resigned,87,3/27/2023,3/30/2023,9/27/2023
764,خالد,resigned,67,3/17/2023,9/23/2023,12/4/2023
765,أنس,resigned,85,3/23/2023,7/10/2023,12/9/2023
766,أنس,resigned,78,1/10/2023,1/26/2023,12/11/2023
767,محمد,resigned,87,7/1/2023,11/8/2023,11/30/2023
768,محمد,employee,64,1/7/2023,1/13/2023,
769,أنس,resigned,74,9/24/2023,10/9/2023,11/4/2023
770,محمد,employee,73,4/2/2023,10/21/2023,
771,خالد,employee,82,3/1/2023,8/20/2023,
772,محمد,resigned,80,6/14/2023,9/15/2023,9/29/2023
773,صالح,employee,77,4/12/2023,8/21/2023,
774,محمد,resigned,69,1/11/2023,8/25/2023,10/6/2023
775,عبدالعزيز,employee,99,1/1/2023,1/7/2023,
776,خالد,resigned,99,1/11/2023,2/1/2023,6/8/2023
777,عبدالعزيز,employee,67,1/7/2023,6/12/2023,
778,صالح,resigned,89,3/7/2023,6/9/2023,6/22/2023
779,عبدالعزيز,employee,88,2/7/2023,7/30/2023,
780,محمد,employee,89,2/12/2023,10/18/2023,
781,صالح,resigned,85,7/19/2023,10/28/2023,12/24/2023
782,أنس,employee,74,1/10/2023,5/27/2023,
783,صالح,employee,77,9/11/2023,12/7/2023,
784,محمد,employee,70,2/19/2023,5/9/2023,
785,خالد,resigned,100,6/20/2023,6/22/2023,6/27/2023
786,عبدالعزيز,resigned,79,11/21/2023,12/2/2023,12/7/2023
787,أنس,employee,84,8/25/2023,10/29/2023,
788,صالح,employee,61,3/13/2023,7/24/2023,
789,أنس,resigned,66,2/1/2023,4/5/2023,10/27/2023
790,عبدالعزيز,resigned,78,2/2/2023,4/22/2023,6/4/2023
791,أنس,employee,99,9/7/2023,10/4/2023,
792,خالد,employee,73,1/9/2023,10/17/2023,
793,صالح,resigned,90,8/27/2023,11/2/2023,12/2/2023
794,أنس,resigned,60,1/28/2023,2/19/2023,9/17/2023
795,محمد,resigned,68,1/28/2023,1/31/2023,9/17/2023
796,صالح,resigned,70,10/20/2023,12/6/2023,12/25/2023
797,صالح,resigned,74,2/1/2023,6/1/2023,12/9/2023
798,أنس,employee,80,3/14/2023,4/12/2023,
799,خالد,employee,94,1/4/2023,1/4/2023,
800,عبدالعزيز,employee,93,1/21/2023,3/7/2023,
801,محمد,resigned,66,2/6/2023,2/22/2023,10/26/2023
802,أنس,resigned,97,8/8/2023,10/15/2023,10/21/2023
803,عبدالعزيز,employee,93,5/15/2023,6/19/2023,
804,محمد,employee,94,3/15/2023,4/25/2023,
805,خالد,resigned,84,3/5/2023,3/17/2023,7/31/2023
806,صالح,resigned,67,2/19/2023,12/17/2023,12/25/2023
807,صالح,resigned,82,4/15/2023,7/11/2023,8/14/2023
808,عبدالعزيز,employee,87,9/26/2023,10/1/2023,
809,أنس,resigned,70,7/3/2023,7/4/2023,11/2/2023
810,صالح,resigned,76,3/15/2023,8/10/2023,10/14/2023
811,صالح,employee,94,7/3/2023,7/18/2023,
812,خالد,resigned,77,3/1/2023,10/28/2023,11/23/2023
813,عبدالعزيز,employee,80,5/20/2023,7/5/2023,
814,عبدالعزيز,resigned,60,1/23/2023,2/16/2023,7/10/2023
815,أنس,employee,84,12/11/2023,12/23/2023,
816,خالد,employee,72,1/3/2023,1/12/2023,
817,أنس,resigned,73,1/5/2023,10/25/2023,12/7/2023
818,صالح,resigned,60,3/30/2023,5/5/2023,5/23/2023
819,أنس,employee,76,2/6/2023,6/22/2023,
820,أنس,employee,99,1/15/2023,8/11/2023,
821,صالح,employee,61,5/27/2023,8/2/2023,
822,أنس,employee,96,1/20/2023,3/7/2023,
823,محمد,resigned,79,7/14/2023,7/15/2023,7/28/2023
824,صالح,employee,82,1/5/2023,9/5/2023,
825,عبدالعزيز,employee,71,1/7/2023,1/29/2023,
826,صالح,resigned,76,2/25/2023,3/2/2023,6/14/2023
827,عبدالعزيز,employee,91,5/5/2023,12/5/2023,
828,خالد,resigned,95,5/12/2023,5/15/2023,6/28/2023
829,خالد,resigned,82,4/6/2023,4/17/2023,5/6/2023
830,أنس,employee,65,4/29/2023,6/6/2023,
831,عبدالعزيز,resigned,71,4/24/2023,8/5/2023,10/6/2023
832,عبدالعزيز,resigned,65,9/21/2023,10/16/2023,10/25/2023
833,محمد,resigned,65,2/10/2023,9/17/2023,11/14/2023
834,عبدالعزيز,employee,70,5/4/2023,5/6/2023,
835,عبدالعزيز,resigned,78,5/15/2023,11/24/2023,12/11/2023
836,عبدالعزيز,resigned,90,4/30/2023,7/10/2023,11/22/2023
837,صالح,employee,77,1/2/2023,1/26/2023,
838,صالح,resigned,93,2/1/2023,3/8/2023,11/27/2023
839,عبدالعزيز,resigned,71,7/19/2023,9/5/2023,10/14/2023
840,صالح,employee,82,1/11/2023,2/12/2023,
841,عبدالعزيز,resigned,85,1/7/2023,1/29/2023,3/13/2023
842,خالد,employee,94,2/20/2023,4/9/2023,
843,عبدالعزيز,resigned,99,1/18/2023,7/25/2023,8/1/2023
844,خالد,employee,78,1/4/2023,9/8/2023,
845,صالح,resigned,71,1/13/2023,1/28/2023,12/13/2023
846,صالح,employee,70,7/10/2023,10/16/2023,
847,أنس,resigned,90,3/22/2023,12/5/2023,12/18/2023
848,محمد,resigned,93,11/7/2023,12/24/2023,12/28/2023
849,صالح,employee,96,6/26/2023,8/11/2023,
850,عبدالعزيز,resigned,70,3/2/2023,3/8/2023,3/12/2023
851,محمد,employee,72,1/22/2023,10/5/2023,
852,محمد,employee,96,3/20/2023,5/3/2023,
853,عبدالعزيز,employee,91,1/3/2023,1/7/2023,
854,محمد,employee,94,2/8/2023,3/17/2023,
855,محمد,employee,62,7/19/2023,9/27/2023,
856,أنس,resigned,100,1/2/2023,1/2/2023,2/12/2023
857,عبدالعزيز,employee,86,4/12/2023,4/15/2023,
858,عبدالعزيز,resigned,88,1/31/2023,3/16/2023,5/22/2023
859,صالح,resigned,88,1/26/2023,10/18/2023,12/10/2023
860,أنس,employee,71,1/26/2023,10/28/2023,
861,محمد,resigned,66,1/23/2023,6/24/2023,11/14/2023
862,صالح,employee,84,8/14/2023,9/13/2023,
863,عبدالعزيز,resigned,67,6/15/2023,7/1/2023,8/18/2023
864,محمد,employee,66,2/11/2023,10/17/2023,
865,خالد,resigned,93,5/11/2023,5/11/2023,9/11/2023
866,أنس,employee,67,1/21/2023,7/7/2023,
867,أنس,resigned,74,2/21/2023,8/16/2023,12/20/2023
868,صالح,resigned,79,3/11/2023,3/22/2023,6/19/2023
869,صالح,employee,75,3/25/2023,11/8/2023,
870,عبدالعزيز,employee,69,8/6/2023,10/12/2023,
871,خالد,employee,86,4/8/2023,6/30/2023,
872,خالد,resigned,83,3/27/2023,4/16/2023,9/10/2023
873,خالد,resigned,88,3/31/2023,7/13/2023,10/4/2023
874,خالد,resigned,93,4/16/2023,10/16/2023,10/31/2023
875,خالد,resigned,92,3/1/2023,8/9/2023,11/30/2023
876,صالح,resigned,98,3/11/2023,7/13/2023,11/26/2023
877,عبدالعزيز,resigned,93,1/12/2023,2/22/2023,4/18/2023
878,محمد,resigned,74,5/29/2023,6/21/2023,9/8/2023
879,أنس,employee,88,1/20/2023,6/8/2023,
880,محمد,employee,91,4/5/2023,5/23/2023,
881,خالد,employee,95,1/4/2023,1/20/2023,
882,عبدالعزيز,employee,70,2/2/2023,3/21/2023,
883,محمد,resigned,89,4/20/2023,5/25/2023,12/15/2023
884,محمد,employee,88,2/16/2023,4/21/2023,
885,أنس,resigned,91,3/12/2023,3/31/2023,4/28/2023
886,خالد,employee,74,3/12/2023,6/20/2023,
887,أنس,resigned,88,1/27/2023,2/19/2023,8/3/2023
888,عبدالعزيز,resigned,61,1/13/2023,1/13/2023,7/12/2023
889,خالد,employee,64,5/17/2023,5/21/2023,
890,أنس,resigned,89,1/16/2023,9/14/2023,11/17/2023
891,أنس,employee,94,8/31/2023,9/12/2023,
892,أنس,employee,85,8/15/2023,9/16/2023,
893,محمد,resigned,75,4/2/2023,6/28/2023,10/1/2023
894,صالح,resigned,95,2/22/2023,11/17/2023,12/23/2023
895,أنس,resigned,68,4/8/2023,4/22/2023,9/18/2023
896,محمد,employee,88,4/15/2023,12/4/2023,
897,عبدالعزيز,employee,62,3/13/2023,5/24/2023,
898,عبدالعزيز,resigned,83,2/14/2023,2/21/2023,7/15/2023
899,خالد,employee,74,2/14/2023,11/7/2023,
900,أنس,resigned,78,7/17/2023,7/30/2023,8/14/2023
901,صالح,resigned,80,2/17/2023,7/20/2023,8/31/2023
902,عبدالعزيز,employee,69,7/1/2023,7/11/2023,
903,عبدالعزيز,resigned,89,3/15/2023,7/21/2023,8/8/2023
904,عبدالعزيز,employee,91,3/9/2023,7/3/2023,
905,أنس,resigned,74,3/25/2023,4/13/2023,6/27/2023
906,صالح,resigned,75,9/27/2023,10/19/2023,11/24/2023
907,أنس,employee,69,6/27/2023,8/3/2023,
908,محمد,employee,86,6/17/2023,12/17/2023,
909,عبدالعزيز,resigned,93,4/17/2023,12/30/2023,12/30/2023
910,عبدالعزيز,resigned,96,1/1/2023,1/2/2023,8/28/2023
911,عبدالعزيز,resigned,69,8/7/2023,12/21/2023,12/27/2023
912,محمد,resigned,72,8/23/2023,11/13/2023,11/19/2023
913,أنس,employee,78,4/3/2023,8/30/2023,
914,أنس,employee,75,2/6/2023,3/15/2023,
915,أنس,resigned,60,4/7/2023,5/15/2023,12/23/2023
916,عبدالعزيز,employee,93,2/6/2023,3/27/2023,
917,صالح,resigned,73,1/18/2023,1/29/2023,3/25/2023
918,أنس,employee,96,1/7/2023,1/11/2023,
919,أنس,employee,86,7/24/2023,12/16/2023,
920,خالد,resigned,67,1/21/2023,10/18/2023,10/28/2023
921,أنس,resigned,89,5/2/2023,7/7/2023,8/18/2023
922,خالد,resigned,98,1/26/2023,1/28/2023,9/10/2023
923,أنس,resigned,73,2/4/2023,2/18/2023,4/20/2023
924,أنس,employee,86,8/26/2023,10/16/2023,
925,أنس,resigned,73,5/12/2023,7/18/2023,10/31/2023
926,خالد,employee,60,1/20/2023,9/25/2023,
927,أنس,employee,96,1/15/2023,2/10/2023,
928,أنس,employee,70,1/4/2023,1/11/2023,
929,خالد,resigned,95,6/25/2023,11/23/2023,12/17/2023
930,أنس,employee,65,1/30/2023,4/8/2023,
931,محمد,employee,90,1/5/2023,5/26/2023,
932,أنس,resigned,68,5/17/2023,11/5/2023,11/20/2023
933,محمد,resigned,84,6/29/2023,8/7/2023,12/4/2023
934,أنس,resigned,93,11/20/2023,12/3/2023,12/9/2023
935,أنس,resigned,72,2/7/2023,5/15/2023,7/30/2023
936,خالد,employee,71,4/30/2023,6/11/2023,
937,عبدالعزيز,resigned,70,4/1/2023,9/7/2023,10/4/2023
938,عبدالعزيز,resigned,86,6/12/2023,8/22/2023,9/16/2023
939,أنس,resigned,68,1/9/2023,1/15/2023,10/20/2023
940,محمد,resigned,66,9/25/2023,11/30/2023,12/13/2023
941,صالح,resigned,83,3/14/2023,4/1/2023,5/19/2023
942,خالد,employee,70,3/6/2023,7/1/2023,
943,عبدالعزيز,employee,87,2/13/2023,10/6/2023,
944,محمد,resigned,93,6/11/2023,11/12/2023,11/24/2023
945,أنس,employee,92,1/2/2023,9/15/2023,
946,صالح,resigned,77,4/24/2023,5/22/2023,7/11/2023
947,محمد,employee,61,2/17/2023,2/26/2023,
948,صالح,employee,76,1/11/2023,12/8/2023,
949,محمد,employee,96,1/22/2023,9/1/2023,
950,محمد,employee,97,4/24/2023,7/10/2023,
951,صالح,resigned,91,3/28/2023,5/28/2023,10/6/2023
952,عبدالعزيز,resigned,60,2/7/2023,7/14/2023,8/24/2023
953,خالد,employee,100,1/4/2023,1/9/2023,
954,محمد,employee,78,4/8/2023,4/16/2023,
955,محمد,resigned,89,8/25/2023,11/13/2023,12/19/2023
956,صالح,resigned,60,1/4/2023,3/15/2023,4/29/2023
957,محمد,employee,97,3/24/2023,5/15/2023,
958,صالح,resigned,87,4/21/2023,8/28/2023,9/25/2023
959,أنس,employee,83,5/7/2023,7/22/2023,
960,عبدالعزيز,resigned,68,7/2/2023,7/23/2023,12/7/2023
961,صالح,resigned,81,3/11/2023,4/2/2023,12/13/2023
962,محمد,employee,82,9/25/2023,10/24/2023,
963,صالح,resigned,91,1/1/2023,1/7/2023,8/9/2023
964,عبدالعزيز,employee,81,5/15/2023,6/7/2023,
965,محمد,employee,88,1/2/2023,3/25/2023,
966,خالد,employee,93,9/21/2023,12/8/2023,
967,صالح,employee,72,4/30/2023,12/27/2023,
968,عبدالعزيز,resigned,84,4/9/2023,11/1/2023,11/9/2023
969,عبدالعزيز,employee,86,2/14/2023,2/24/2023,
970,خالد,resigned,100,2/1/2023,2/13/2023,8/11/2023
971,خالد,employee,100,11/7/2023,12/23/2023,
972,عبدالعزيز,resigned,61,9/13/2023,10/6/2023,12/29/2023
973,خالد,resigned,92,3/28/2023,9/25/2023,11/23/2023
974,محمد,employee,72,2/5/2023,2/8/2023,
975,خالد,employee,98,11/9/2023,12/11/2023,
976,صالح,employee,71,1/14/2023,4/20/2023,
977,خالد,employee,66,4/11/2023,11/20/2023,
978,أنس,employee,93,2/20/2023,5/5/2023,
979,أنس,resigned,89,2/26/2023,3/4/2023,9/8/2023
980,أنس,employee,84,1/17/2023,6/25/2023,
981,عبدالعزيز,employee,86,10/17/2023,12/23/2023,
982,عبدالعزيز,resigned,83,2/19/2023,12/20/2023,12/23/2023
983,أنس,employee,68,2/26/2023,5/6/2023,
984,أنس,employee,90,5/19/2023,6/3/2023,
985,أنس,resigned,84,5/9/2023,9/21/2023,9/23/2023
986,أنس,employee,69,3/16/2023,9/22/2023,
987,عبدالعزيز,resigned,71,4/28/2023,12/16/2023,12/22/2023
988,محمد,employee,86,4/11/2023,8/28/2023,
989,عبدالعزيز,resigned,91,2/3/2023,3/18/2023,8/11/2023
990,عبدالعزيز,employee,97,6/7/2023,7/20/2023,
991,خالد,resigned,84,1/29/2023,2/16/2023,4/21/2023
992,عبدالعزيز,employee,70,3/16/2023,5/17/2023,
993,محمد,employee,98,11/23/2023,12/20/2023,
994,عبدالعزيز,resigned,91,5/8/2023,6/27/2023,11/9/2023
995,صالح,resigned,84,9/30/2023,12/18/2023,12/27/2023
996,محمد,resigned,63,2/13/2023,3/5/2023,7/4/2023
997,عبدالعزيز,resigned,83,1/3/2023,1/22/2023,8/31/2023
998,أنس,employee,87,8/19/2023,12/1/2023,
999,عبدالعزيز,resigned,76,7/5/2023,11/12/2023,11/25/2023